{
    "classes": [
        "Ambient",
        "Candle",
        "Coffee",
        "Cologne",
        "Garlic",
        "Maple Syrup",
        "Perfume",
        "Sriracha",
        "Whiskey",
        "Windex"
    ],
    "mode": "classification",
    "inferenceMode": "classification",
    "printHWInfo": false,
    "inputShapeString": "(20,)",
    "yType": "npy",
    "trainTestSplit": 0.2,
    "stratifiedTrainTest": false,
    "convertInt8": true,
    "profileInt8": true,
    "skipEmbeddingsAndMemory": false,
    "objectDetectionAugmentation": false,
    "syntiantTarget": false,
    "maxTrainingTimeSeconds": 1200,
    "isEnterpriseProject": false,
    "flattenDataset": false,
    "akidaModel": false,
    "akidaEdgeModel": false,
    "skipMemoryProfiling": false,
    "tensorboardLogging": false,
    "customValidationSplit": false
}